name,avg_high_price,avg_spread_pct,win_rate,avg_roi,sharpe_ratio,final_score
Adamant dart,71.55191256830601,5.682001614205011,94.80874316939891,4.545579829990966,1.257496917088963,0.6810662664763699
Adamant arrow,74.68579234972678,4.105571847507341,97.54098360655738,3.1483037341876074,1.4688755007712913,0.597509331540319
Climbing boots,653.8497267759562,14.75558411416623,93.16939890710383,14.113889493229976,1.2626776927049286,0.5904206687355108
Divine ranging potion(1),1509.7845303867402,14.03794751960999,95.08196721311475,13.508656025725012,1.3356736034291368,0.5880591254457037
Anti-venom+(1),3003.4836065573772,12.578152603038543,98.36065573770492,11.89880986486896,1.646144580785848,0.5851595191665221
Cotton seed,4296.817647058823,14.692427338814715,94.44444444444444,14.99726754272616,0.8682763124919283,0.5845509053462399
Curry,394.2,13.77161647465164,93.44262295081968,13.154247395438675,1.258243457892346,0.5742094684332623
Curry leaf,56.961643835616435,12.260845640168087,91.2568306010929,15.959427867342946,0.8450257243133912,0.5676098847646326
Hemp seed,12084.181818181818,11.932483432533395,94.44444444444444,11.154994210427564,1.0603649106108646,0.5345287927902146
Avantoe seed,645.3972602739726,12.918527690136761,88.25136612021858,12.357882255688464,0.9829355770584794,0.5316297661389634
Willow longbow (u),84.07988980716253,11.090717553234482,96.44808743169399,10.19609042321707,1.0494208273903376,0.5313014878296333
Divine ranging potion(3),4446.91643454039,11.497044347624144,93.98907103825137,10.42358401151911,1.001313542351049,0.5191814928904734
Atlatl dart,168.65205479452055,4.160665622913079,97.81420765027322,3.3737560746689508,1.5567799954094026,0.5134029393310994
Snowy knight (item),1865.6629834254143,10.675896554056733,91.53005464480874,10.526294806682097,1.1107386145282256,0.511888397177846
Divine super combat potion(1),5407.159779614325,7.181664777720463,98.36065573770492,6.101047979039407,2.1470266740908563,0.5102841616880749
Frozen tear,224.87671232876713,8.45857827837647,96.72131147540983,7.82347293155054,1.3715098779363544,0.5040675820220831
Smoke rune,92.27671232876712,5.252046597883217,96.99453551912568,4.213461829351408,1.1849562318969005,0.49694944600619356
Cadantine seed,2351.964480874317,9.061757644480203,94.26229508196722,9.380544015710269,1.0709624571812326,0.4948773788778503
Blighted teleport spell sack,64.64480874316939,8.457483382993338,95.90163934426229,7.34674873297036,1.1486286033789284,0.49011591150019224
Blighted karambwan,87.71311475409836,5.591553465118566,98.36065573770492,4.494039663598427,1.4624405874135853,0.48969495861669055
Black d'hide vambraces,2477.292349726776,11.09029580738397,87.97814207650273,9.764320098945623,0.8644209052567866,0.4851869943728365
Lunar isle teleport,3219.6775956284155,8.591064658755188,97.81420765027322,7.29674599963252,1.1106180075689607,0.4829470533545631
Wild pie,633.568306010929,9.924626688788813,92.89617486338798,8.698553475936013,0.9023339894730397,0.482627524871196
Blighted manta ray,180.9016393442623,4.351526422796258,96.44808743169399,3.4405590872452474,1.819736899646053,0.4811656164063764
Salmon,58.42032967032967,7.8746816978995025,94.80874316939891,7.337226527510104,1.1633812443340037,0.4780969925983481
Soiled page,1110.3846153846155,5.80598001321771,97.54098360655738,4.779117088405392,1.9245606831423936,0.4779679746042382
Dragon dagger(p++),22453.638356164385,5.643941415995723,98.08743169398907,4.577590538453172,1.9937282438446342,0.4753610325037959
Adamant seeds,128.80716253443526,8.067626736666302,92.62295081967213,7.211581233324971,1.1813962958452462,0.47440957965420105
Raw salmon,71.85792349726776,7.760386790133585,94.80874316939891,6.6674709380410615,1.2026104399615494,0.4737038405423981
Rune thrownaxe,224.68406593406593,7.822898373981396,94.80874316939891,6.7669613051498345,1.2399804585884162,0.4702292768926748
Binding necklace,787.654794520548,5.448579954540677,97.26775956284153,4.404494045152814,1.8441263096442324,0.46406757224898526
Rune boots,7581.095890410959,6.187647135222118,97.81420765027322,5.11244548680191,1.5639206275475204,0.4639371641861122
Kwuarm seed,1271.5737704918033,8.694717961174113,89.61748633879782,7.967772984144484,1.066465935167866,0.46393144040164236
Red d'hide chaps,3013.811475409836,9.6230962259932,88.52459016393442,8.393374388046656,0.8929091206940878,0.46337961617095047
Black d'hide chaps,4991.866120218579,8.112731696810032,93.98907103825137,6.908591472572572,0.9501812187049501,0.45671414605523153
Soaked page,2208.002747252747,4.581843645920856,97.54098360655738,3.571284200491683,1.911331889513972,0.45395263086501597
Leather,258.6120218579235,4.192948273394754,97.54098360655738,3.150440946496419,1.9638132360590217,0.4538985336604409
Divine super combat potion(2),10752.904225352113,6.337711239406212,94.53551912568307,5.20858920616375,1.4871864166376134,0.4527703392941783
Raw trout,82.10109289617486,5.546188970846496,97.81420765027322,4.586066019817855,1.1821501863837571,0.4416292869804087
Rune knife,149.21428571428572,5.254651681433483,90.43715846994536,4.496055210108588,1.3265417661270436,0.4401956183982156
Mort'ton teleport,19553.13387978142,4.522293142474732,98.08743169398907,3.249685574323257,1.6948963614923978,0.4399523509138254
Digsite teleport,12178.341530054644,5.283181894196993,99.18032786885246,3.8421995337641013,1.2909441283615462,0.43604249095939884
Rune crossbow,10379.117486338799,5.504528041864576,96.99453551912568,4.298388104686152,1.2733913822428298,0.4348347540308237
Blighted vengeance sack,89.07162534435261,6.041098383479342,90.98360655737704,5.3296818164080655,1.0430665453819268,0.4346751941466506
Amethyst broad bolts,272.844262295082,5.599264006091002,94.80874316939891,4.35926443786384,1.0985116173833802,0.4297411636929894
Pineapple pizza,639.1758241758242,4.510481343247329,93.71584699453553,3.5216949314939345,1.587176295880899,0.42765298911282495
Grimy guam leaf,498.34615384615387,7.313720733621418,88.52459016393442,5.983158656652677,0.8846116736191466,0.4266389079668649
Dragon dart(p++),2212.9944751381217,5.360812480153056,93.71584699453553,4.394994430174437,1.157905350431505,0.42083374258982387
Mithril seeds,952.5179063360881,5.346647524237374,92.34972677595628,4.455383969459496,1.1871326541290321,0.4192970134709716
Ironwood logs,6051.477876106194,7.64200399935145,88.79056047197639,3.9068709736877345,0.8154741349346375,0.4132960635486537
